person,genderLabel,personLabel,birthDate,placeBirthLabel,description
http://www.wikidata.org/entity/Q5973254,masculino,Leonardo de la Peña Díaz,1875-09-06T00:00:00Z,Ciudad Real (ciudad),cirujano español
http://www.wikidata.org/entity/Q26421088,masculino,Javier Alberola Rojas,1991-06-22T00:00:00Z,Ciudad Real (ciudad),Árbitro de fútbol español
http://www.wikidata.org/entity/Q55873286,masculino,Ramón Porgueres Hernández,1928-02-01T00:00:00Z,Ciudad Real (ciudad),militar español
http://www.wikidata.org/entity/Q5973380,femenino,Leonor Serrano Pablo,1890-02-22T00:00:00Z,Hinojosas de Calatrava,escritora abogada y jurista española (1890-1942)
http://www.wikidata.org/entity/Q5983054,masculino,Luis Casimiro,1960-06-21T00:00:00Z,Villamayor de Calatrava,entrenador de baloncesto español
http://www.wikidata.org/entity/Q21479968,masculino,Antonio Espinosa Cerrato,1959-01-01T00:00:00Z,Villamayor de Calatrava,político español
http://www.wikidata.org/entity/Q51765812,masculino,Eulogio Paz Fernández,1952-05-15T00:00:00Z,Fernán Caballero,activista español
http://www.wikidata.org/entity/Q26430790,masculino,Valentín Pizarro Gómez,1981-08-14T00:00:00Z,Ciudad Real,Árbitro de fútbol español
http://www.wikidata.org/entity/Q27755769,femenino,Carmen Quintanilla,1954-05-11T00:00:00Z,Ciudad Real,política española
"http://www.wikidata.org/entity/Q32442,masculino,Ángel Ayala,1867-03-01T00:00:00Z,Ciudad Real,""clérigo jesuita, pedagogo y propagandista católico español"""
http://www.wikidata.org/entity/Q352515,masculino,José Castillejo,1877-01-01T00:00:00Z,Ciudad Real,jurista español
http://www.wikidata.org/entity/Q469488,masculino,Manuel Marín,1949-10-21T00:00:00Z,Ciudad Real,político español
http://www.wikidata.org/entity/Q531056,masculino,Alonso de Estrada,1470-01-01T00:00:00Z,Ciudad Real,tesorero y gobernador castellano. Hijo natural de Fernando el Católico
"http://www.wikidata.org/entity/Q1690876,masculino,Joaquín Araujo Ruano,1851-01-01T00:00:00Z,Ciudad Real,""pintor, grabador e ilustrador español"""
http://www.wikidata.org/entity/Q2302557,masculino,Diego Rivas,1980-04-27T00:00:00Z,Ciudad Real,futbolista español
http://www.wikidata.org/entity/Q2369298,masculino,Emilio González Ferrín,1965-01-01T00:00:00Z,Ciudad Real,islamólogo y profesor universitario español
http://www.wikidata.org/entity/Q2635066,masculino,Tomás Pina Isla,1987-10-14T00:00:00Z,Ciudad Real,futbolista español
http://www.wikidata.org/entity/Q552502,masculino,Fernando Luna,1958-04-24T00:00:00Z,Ciudad Real,tenista español
http://www.wikidata.org/entity/Q704678,masculino,García Jofre de Loaísa,1490-01-01T00:00:00Z,Ciudad Real,explorador español
http://www.wikidata.org/entity/Q748382,masculino,Nano Rivas,1980-07-07T00:00:00Z,Ciudad Real,futbolista español
http://www.wikidata.org/entity/Q1026826,masculino,Ángel Crespo,1926-07-18T00:00:00Z,Ciudad Real,poeta español
http://www.wikidata.org/entity/Q1688370,masculino,Jesús Ramírez,1979-10-25T00:00:00Z,Ciudad Real,ciclista español
http://www.wikidata.org/entity/Q3356993,masculino,Oscar Herrero,1959-03-01T00:00:00Z,Ciudad Real,músico español
http://www.wikidata.org/entity/Q3442092,femenino,Rosa Romero,1970-02-14T00:00:00Z,Ciudad Real,política española
http://www.wikidata.org/entity/Q3697736,masculino,Cristóbal de Mena,1492-01-01T00:00:00Z,Ciudad Real,conquistador español
http://www.wikidata.org/entity/Q3817786,masculino,Rafael García García,1986-01-14T00:00:00Z,Ciudad Real,futbolista español
http://www.wikidata.org/entity/Q2887796,masculino,Alonso de Ávila,1486-01-01T00:00:00Z,Ciudad Real,Explorador y conquistador español
http://www.wikidata.org/entity/Q2919382,masculino,Juan de Molina,1485-01-01T00:00:00Z,Ciudad Real,Humanista y traductor español
http://www.wikidata.org/entity/Q2978897,femenino,Clementina Díez de Baldeón,1953-03-15T00:00:00Z,Ciudad Real,política y profesora universitaria española
http://www.wikidata.org/entity/Q3163137,masculino,Javier Botet,1977-07-30T00:00:00Z,Ciudad Real,actor español
http://www.wikidata.org/entity/Q5859311,masculino,Fernando Calatayud Cáceres,1927-01-01T00:00:00Z,Ciudad Real,escritor español
"http://www.wikidata.org/entity/Q5864996,masculino,Francisco Aguilera y Egea,1857-03-31T00:00:00Z,Ciudad Real,""Ciudad Real, 21.XII.1857 – Madrid, 20.V.1931. Capitán general del Ejército, ministro de la Guerra, senador vitalicio"""
http://www.wikidata.org/entity/Q5938944,masculino,José Cepeda,1968-07-19T00:00:00Z,Ciudad Real,político español
http://www.wikidata.org/entity/Q5942972,masculino,José María González Ortega,1958-01-01T00:00:00Z,Ciudad Real,poeta español
http://www.wikidata.org/entity/Q5943162,masculino,José María Martínez-Val,1951-01-01T00:00:00Z,Ciudad Real,ingeniero industrial español
http://www.wikidata.org/entity/Q5945824,masculino,José Tomás Reina Rincón,1979-09-21T00:00:00Z,Ciudad Real,torero español
http://www.wikidata.org/entity/Q118136736,femenino,Isabel Perillán y Quirós,,Campo de Criptana,poetisa española
http://www.wikidata.org/entity/Q122389833,masculino,Francisco Quintanar Gutiérrez,1958-07-22T00:00:00Z,Campo de Criptana,Informador y director de programas de televisión español
http://www.wikidata.org/entity/Q4448360,masculino,Antonio de Ciudad Real,1551-01-01T00:00:00Z,Ciudad Real,fraile franciscano español
http://www.wikidata.org/entity/Q5438664,masculino,Manuel García Miralles,1918-01-01T00:00:00Z,Ciudad Real,escritor español
"http://www.wikidata.org/entity/Q5495690,masculino,Diego Medrano y Treviño,1784-11-13T00:00:00Z,Ciudad Real,""Militar, político y ensayista español (1784-1853)"""
http://www.wikidata.org/entity/Q5557327,masculino,Fernando Moraleda Quílez,1956-01-01T00:00:00Z,Ciudad Real,Sindicalista y político español.
http://www.wikidata.org/entity/Q5667206,masculino,Alfonso Sánchez García,1880-02-21T00:00:00Z,Ciudad Real,fotógrafo español
http://www.wikidata.org/entity/Q5949813,masculino,Juan Gracia,1966-01-01T00:00:00Z,Ciudad Real,escritor
http://www.wikidata.org/entity/Q5979097,masculino,Lorenzo Selas Céspedes,1938-01-12T00:00:00Z,Ciudad Real,político español
http://www.wikidata.org/entity/Q5992046,masculino,Manuel Adame,1780-05-06T00:00:00Z,Ciudad Real,militar español
http://www.wikidata.org/entity/Q5992839,masculino,Manuel Espadas Burgos,1936-03-02T00:00:00Z,Ciudad Real,historiador español
http://www.wikidata.org/entity/Q389756,masculino,Isidoro Diéguez Dueñas,1909-01-12T00:00:00Z,Puertollano,político español
http://www.wikidata.org/entity/Q605230,masculino,José López-Maeso,1956-12-24T00:00:00Z,Puertollano,tenista profesional español
http://www.wikidata.org/entity/Q736915,masculino,Alberto Rivera Pizarro,1978-02-16T00:00:00Z,Puertollano,futbolista español
http://www.wikidata.org/entity/Q940605,masculino,Carlos Zárate Fernández,1980-07-19T00:00:00Z,Puertollano,ciclista español
http://www.wikidata.org/entity/Q13424880,masculino,Carmelo Garrido Alarcón,1971-09-12T00:00:00Z,Puertollano,futbolista español
http://www.wikidata.org/entity/Q16298883,masculino,Teófilo Dueñas,1946-08-11T00:00:00Z,Puertollano,futbolista español
http://www.wikidata.org/entity/Q16565923,masculino,Fabián Muñoz Fernández,1948-01-27T00:00:00Z,Puertollano,futbolista español
http://www.wikidata.org/entity/Q18719958,femenino,María Dolores Sánchez López,1958-03-08T00:00:00Z,Puertollano,política española
http://www.wikidata.org/entity/Q5698044,masculino,Antonio Cervera de la Torre,1600-01-01T00:00:00Z,Ciudad Real,historiador español
http://www.wikidata.org/entity/Q5750716,masculino,Carlos Lemos,1909-06-11T00:00:00Z,Ciudad Real,actor español
http://www.wikidata.org/entity/Q5751687,masculino,Carlos Saiz Cidoncha,1939-02-13T00:00:00Z,Ciudad Real,escritor español (1939-)
http://www.wikidata.org/entity/Q5752116,masculino,Carlos Vázquez Úbeda,1869-12-31T00:00:00Z,Ciudad Real,pintor e ilustrador español (1869-1944)
http://www.wikidata.org/entity/Q5831259,masculino,Emilio Ontiveros Baeza,1948-07-09T00:00:00Z,Ciudad Real,economista español
http://www.wikidata.org/entity/Q1708971,masculino,José Antonio Redondo Ramos,1985-03-05T00:00:00Z,Alcázar de San Juan,ciclista español
http://www.wikidata.org/entity/Q2350357,masculino,Antonio Díaz-Miguel,1934-07-02T00:00:00Z,Alcázar de San Juan,baloncestista español
http://www.wikidata.org/entity/Q2397249,masculino,Jesús Manzaneque,1943-01-01T00:00:00Z,Campo de Criptana,Ciclista español
http://www.wikidata.org/entity/Q2427394,masculino,Manuel Sanroma,1977-05-09T00:00:00Z,Almagro,ciclista español
http://www.wikidata.org/entity/Q2469083,masculino,Felipe Yáñez,1953-01-21T00:00:00Z,Cózar,ciclista español
http://www.wikidata.org/entity/Q6097239,masculino,Rafael Díaz-Salazar,1956-01-01T00:00:00Z,Ciudad Real,sociólogo español
http://www.wikidata.org/entity/Q6170200,femenino,Yola Berrocal,1970-09-15T00:00:00Z,Ciudad Real,personalidad mediática española (n. 1970)
http://www.wikidata.org/entity/Q6173045,masculino,Ángel Andrade,1866-03-15T00:00:00Z,Ciudad Real,pintor español
http://www.wikidata.org/entity/Q6173045,masculino,Ángel Andrade,1866-05-15T00:00:00Z,Ciudad Real,pintor español
http://www.wikidata.org/entity/Q6292505,masculino,José Ignacio Hualde,1958-01-01T00:00:00Z,Ciudad Real,lingüista español
http://www.wikidata.org/entity/Q6300392,masculino,Juan Manuel Rozas,1936-01-01T00:00:00Z,Ciudad Real,escritor español
http://www.wikidata.org/entity/Q2423760,femenino,Cristina García Rodero,1949-10-14T00:00:00Z,Puertollano,fotógrafa española
http://www.wikidata.org/entity/Q2834870,masculino,Alfonso Limón Montero,1628-01-01T00:00:00Z,Puertollano,médico español
http://www.wikidata.org/entity/Q3776548,masculino,José Antonio Culebras,1979-01-16T00:00:00Z,Puertollano,futbolista español
http://www.wikidata.org/entity/Q5659635,masculino,Agapito Maestre Sánchez,1954-01-01T00:00:00Z,Puertollano,escritor y filósofo español
http://www.wikidata.org/entity/Q5667712,masculino,Alfredo Galán Sotillo,1978-04-05T00:00:00Z,Puertollano,asesino en serie español
http://www.wikidata.org/entity/Q5854168,masculino,Tomás Fernando Flores,1961-05-30T00:00:00Z,Puertollano,periodista y crítico musical español
http://www.wikidata.org/entity/Q2842205,masculino,Juan José Muñoz de Madariaga,1846-05-16T00:00:00Z,Almadén,Ingeniero de Montes
http://www.wikidata.org/entity/Q2857386,masculino,Antonio Palomares,1929-08-07T00:00:00Z,El Robledo,político español
http://www.wikidata.org/entity/Q2882729,masculino,Miguel Barroso,1538-01-01T00:00:00Z,Alcázar de San Juan,artista español
http://www.wikidata.org/entity/Q2893021,femenino,Beatriz Montañez,1977-06-03T00:00:00Z,Almadén,presentadora de televisión y periodista española
http://www.wikidata.org/entity/Q3012020,masculino,Vicente Paniagua,1947-05-21T00:00:00Z,Alcázar de San Juan,baloncestista español
http://www.wikidata.org/entity/Q6003643,femenino,María Dueñas,1964-01-01T00:00:00Z,Puertollano,escritora española
http://www.wikidata.org/entity/Q6173559,masculino,Ángel Viveros Gutiérrez,1959-01-01T00:00:00Z,Puertollano,político español
http://www.wikidata.org/entity/Q6700638,masculino,Luis García Mozos,1946-01-01T00:00:00Z,Puertollano,historietista español
http://www.wikidata.org/entity/Q8076852,masculino,Ángel Luis Fernández Serrano,1970-02-26T00:00:00Z,Puertollano,futbolista español
http://www.wikidata.org/entity/Q11935262,masculino,Marcelo Expósito,1966-05-29T00:00:00Z,Puertollano,político español
http://www.wikidata.org/entity/Q20747608,masculino,Manuel Doreste,1958-01-01T00:00:00Z,Puertollano,regatista español
http://www.wikidata.org/entity/Q20995267,masculino,Manuel Juliá Dorado,1954-10-16T00:00:00Z,Puertollano,escritor y periodista español
http://www.wikidata.org/entity/Q27916802,masculino,Marcos Jurado,1991-02-02T00:00:00Z,Ciudad Real,ciclista español
http://www.wikidata.org/entity/Q27999253,femenino,María Teresa Arévalo Caraballo,1980-10-27T00:00:00Z,Ciudad Real,política española
"http://www.wikidata.org/entity/Q28124043,masculino,José Núñez de Arenas,1784-07-03T00:00:00Z,Ciudad Real,""político, militar y matemático español"""
http://www.wikidata.org/entity/Q28503315,masculino,Francisco Mena Cantero,1934-01-01T00:00:00Z,Ciudad Real,escritor español
http://www.wikidata.org/entity/Q793631,masculino,Bernardo de Balbuena,1568-01-01T00:00:00Z,Valdepeñas,Poeta y eclesiástico novohispano
http://www.wikidata.org/entity/Q793631,masculino,Bernardo de Balbuena,1568-11-30T00:00:00Z,Valdepeñas,Poeta y eclesiástico novohispano
http://www.wikidata.org/entity/Q924122,masculino,Jesús Julián Lucendo,1970-04-19T00:00:00Z,Pedro Muñoz,futbolista español
http://www.wikidata.org/entity/Q1257924,masculino,Antonio López García,1936-01-06T00:00:00Z,Tomelloso,pintor y escultor español
http://www.wikidata.org/entity/Q112265250,masculino,Paco Ortiz,1933-06-28T00:00:00Z,Valdepeñas,locutor deportivo de Radio Zaragoza
http://www.wikidata.org/entity/Q115409114,femenino,Isabel Valdés,1985-01-01T00:00:00Z,Calzada de Calatrava,periodista española especializada en género y feminismo
http://www.wikidata.org/entity/Q6680792,masculino,Lorenzo Palomo,1938-03-10T00:00:00Z,Ciudad Real,compositor español
http://www.wikidata.org/entity/Q6959959,masculino,Rafael López de León,1953-08-14T00:00:00Z,Ciudad Real,balonmanista español
http://www.wikidata.org/entity/Q8201052,masculino,Antoni Daimiel,1970-02-15T00:00:00Z,Ciudad Real,periodista y comentarista deportivo español
http://www.wikidata.org/entity/Q9003232,masculino,Hernán Pérez del Pulgar,1415-01-01T00:00:00Z,Ciudad Real,militar español
http://www.wikidata.org/entity/Q9003232,masculino,Hernán Pérez del Pulgar,1451-01-01T00:00:00Z,Ciudad Real,militar español
http://www.wikidata.org/entity/Q9065823,masculino,Rafael Martínez Francés,1986-11-11T00:00:00Z,Ciudad Real,futbolista español
"http://www.wikidata.org/entity/Q207668,masculino,Diego de Almagro,1475-01-01T00:00:00Z,Almagro,""conquistador español, adelantado y gobernador de Nueva Toledo"""
http://www.wikidata.org/entity/Q268587,femenino,Sara Montiel,1928-03-10T00:00:00Z,Campo de Criptana,actriz y cantante hispano-mexicana
http://www.wikidata.org/entity/Q293329,masculino,Óscar García-Casarrubios,1984-06-07T00:00:00Z,Campo de Criptana,ciclista español
http://www.wikidata.org/entity/Q781933,masculino,Fernando Manzaneque,1934-02-04T00:00:00Z,Campo de Criptana,ciclista español
"http://www.wikidata.org/entity/Q55171,masculino,Pedro Almodóvar,1949-09-25T00:00:00Z,Calzada de Calatrava,""director de cine, guionista y productor español"""
http://www.wikidata.org/entity/Q274966,masculino,Juande Ramos,1954-09-25T00:00:00Z,Pedro Muñoz,futbolista español
http://www.wikidata.org/entity/Q399076,masculino,Agustín Almodóvar,1955-05-25T00:00:00Z,Calzada de Calatrava,productor de cine español
http://www.wikidata.org/entity/Q529837,masculino,Jaime Chicharro,1889-01-01T00:00:00Z,Torralba de Calatrava,político español
http://www.wikidata.org/entity/Q29912844,masculino,Diego Peris Sánchez,1946-12-31T00:00:00Z,Ciudad Real,arquitecto español
http://www.wikidata.org/entity/Q29912844,masculino,Diego Peris Sánchez,2000-01-01T00:00:00Z,Ciudad Real,arquitecto español
http://www.wikidata.org/entity/Q30304287,masculino,Francisco Rosell Fernández,1956-01-01T00:00:00Z,Puertollano,periodista español
http://www.wikidata.org/entity/Q33396337,masculino,José Poveda Murcia,1910-10-27T00:00:00Z,Ciudad Real,político y registrador de la propiedad español (1910-1982)
http://www.wikidata.org/entity/Q34637957,masculino,Emilio Pérez Pizarro,1975-10-01T00:00:00Z,Ciudad Real,Árbitro de Baloncesto Español
http://www.wikidata.org/entity/Q28745971,femenino,María Almena Carrasco,1981-06-26T00:00:00Z,Puertollano,científica española
http://www.wikidata.org/entity/Q28872640,masculino,Miguel Ángel Valverde Menchero,1970-02-11T00:00:00Z,Ciudad Real,político español
http://www.wikidata.org/entity/Q28872641,masculino,Carlos Manuel Cotillas López,1970-06-19T00:00:00Z,Ciudad Real,político español
http://www.wikidata.org/entity/Q29056808,masculino,Francisco Javier Varela Salas,1952-08-15T00:00:00Z,Puertollano,General de Ejército. Jefe de Estado Mayor del Ejército de Tierra de España
http://www.wikidata.org/entity/Q5993533,masculino,Manuel López-Villaseñor y López-Cano,1924-06-28T00:00:00Z,Ciudad Real,pintor español
"http://www.wikidata.org/entity/Q6001756,masculino,Juan Manuel Treviño y Aranguren,1879-02-13T00:00:00Z,Ciudad Real,""político español (1879-1936), marqués de Treviño"""
http://www.wikidata.org/entity/Q6015193,masculino,Miguel Sánchez Migallón,1995-02-08T00:00:00Z,Ciudad Real,balonmanista español
http://www.wikidata.org/entity/Q6069446,masculino,Pedro Mari Sánchez,1954-01-16T00:00:00Z,Ciudad Real,actor español
http://www.wikidata.org/entity/Q5402613,masculino,Vicente Arias Castellanos,1833-10-27T00:00:00Z,Alcázar de San Juan,lutier español
http://www.wikidata.org/entity/Q5474494,masculino,Ángel Lizcano,1846-11-24T00:00:00Z,Alcázar de San Juan,ilustrador y pintor español
http://www.wikidata.org/entity/Q5477116,masculino,Manuel Manzaneque,1940-09-20T00:00:00Z,Campo de Criptana,actor español
http://www.wikidata.org/entity/Q5637526,masculino,Guillermo Jiménez Sánchez,1940-12-24T00:00:00Z,Almadén,Jurista y catedrático español
http://www.wikidata.org/entity/Q5698301,masculino,Antonio Fernández Molina,1927-09-20T00:00:00Z,Alcázar de San Juan,poeta español
http://www.wikidata.org/entity/Q5740238,masculino,Calixto Hornero de la Resurrección del Señor,1742-10-14T00:00:00Z,Pozuelo de Calatrava,sacerdote escolapio español
http://www.wikidata.org/entity/Q18627782,femenino,Beatriz Escribano,1990-05-04T00:00:00Z,Alcázar de San Juan,balonmanista española
http://www.wikidata.org/entity/Q19288863,masculino,Eugenio Mascareñas,1853-12-12T00:00:00Z,Almagro,químico español
http://www.wikidata.org/entity/Q19344493,masculino,José Luis de la Granja Sainz,1954-09-27T00:00:00Z,Almadén,historiador español
http://www.wikidata.org/entity/Q19998136,masculino,Carlos Javier González Cepeda,1949-01-01T00:00:00Z,Alcázar de San Juan,político español
http://www.wikidata.org/entity/Q20156278,masculino,Alfonso Cortés,1951-04-13T00:00:00Z,Almadén,futbolista español
http://www.wikidata.org/entity/Q20743531,masculino,Felipe Naranjo y Garza,1809-01-01T00:00:00Z,Almadén,ingeniero de minas español
http://www.wikidata.org/entity/Q57337133,masculino,Agustín Juárez,1965-06-28T00:00:00Z,Ciudad Real,político español
http://www.wikidata.org/entity/Q58421742,masculino,Francisco Cañizares Jiménez,1971-08-13T00:00:00Z,Ciudad Real,político español
http://www.wikidata.org/entity/Q58443831,femenino,Blanca Fernández,1972-02-06T00:00:00Z,Ciudad Real,trabajadora social y política española
http://www.wikidata.org/entity/Q58825827,femenino,Mercedes Castellanos,1988-07-21T00:00:00Z,Ciudad Real,balonmanista española
http://www.wikidata.org/entity/Q60289704,masculino,Carlos Merino Campos,1991-08-29T00:00:00Z,Ciudad Real,Árbitro baloncesto español
http://www.wikidata.org/entity/Q60966978,masculino,Juan Acedo-Rico y Medrano,1851-01-01T00:00:00Z,Ciudad Real,militar español
http://www.wikidata.org/entity/Q62091380,femenino,Cristina Maestre,1975-07-27T00:00:00Z,Ciudad Real,política española
http://www.wikidata.org/entity/Q63169001,femenino,Nene Martelli,1927-06-04T00:00:00Z,Puertollano,pintora italiana
http://www.wikidata.org/entity/Q6068465,masculino,Pedro Castro Vázquez,1945-02-12T00:00:00Z,Tomelloso,PSOE
http://www.wikidata.org/entity/Q6071702,masculino,Pepe Buitrago,1954-01-01T00:00:00Z,Tomelloso,PSOE
http://www.wikidata.org/entity/Q6120928,masculino,Santiago Garci,1950-01-01T00:00:00Z,Pedro Muñoz,pintor español
http://www.wikidata.org/entity/Q6122902,masculino,Sebastián García Martínez,1953-11-19T00:00:00Z,Pedro Muñoz,político español
http://www.wikidata.org/entity/Q6163651,masculino,Virgilio Cano,1955-02-05T00:00:00Z,Villanueva de los Infantes,político español
"http://www.wikidata.org/entity/Q35831601,masculino,Jordi el Niño Polla,1994-09-11T00:00:00Z,Ciudad Real,""actor pornografico, productor y personalidad de internet español"""
http://www.wikidata.org/entity/Q36696805,masculino,Carlos Antón Jiménez,1992-02-02T00:00:00Z,Puertollano,ciclista de España
http://www.wikidata.org/entity/Q41164332,masculino,Luciano González,1933-01-01T00:00:00Z,Ciudad Real,periodista e historiador de la prensa español
http://www.wikidata.org/entity/Q42608153,masculino,Juan Ignacio Morales Bonilla,1929-10-10T00:00:00Z,Ciudad Real,poeta y crítico español
"http://www.wikidata.org/entity/Q44246351,masculino,Enrique Belda,1969-01-01T00:00:00Z,Ciudad Real,""Jurista y político español (n.1969). Catedrático de Derecho Constitucional, autor de numerosas obras en ese campo e investigador en proyectos competitivos."""
http://www.wikidata.org/entity/Q51583628,masculino,Javier Pérez Campos,1989-01-01T00:00:00Z,Ciudad Real,periodista y escritor español
http://www.wikidata.org/entity/Q55360992,masculino,Vicente Calatayud Maldonado,1935-08-14T00:00:00Z,Ciudad Real,médico español
http://www.wikidata.org/entity/Q55836880,masculino,Amalio Maestre,1812-07-10T00:00:00Z,Ciudad Real,1812-1872
http://www.wikidata.org/entity/Q56401469,masculino,Melchor de Avellaneda Sandoval y Romero,1653-01-22T00:00:00Z,Ciudad Real,militar español
http://www.wikidata.org/entity/Q39081574,masculino,Manuel Alberca,1951-01-01T00:00:00Z,Arenales de San Gregorio,escritor español
http://www.wikidata.org/entity/Q42216507,masculino,Santiago Moreno González,1951-11-16T00:00:00Z,Alcázar de San Juan,político español (1951-)
http://www.wikidata.org/entity/Q51745516,masculino,Elena Belmonte,1958-08-27T00:00:00Z,Alcázar de San Juan,escritora española
http://www.wikidata.org/entity/Q52266108,femenino,Carmen Peñalva y Baillo,1908-01-01T00:00:00Z,Campo de Criptana,noble española
http://www.wikidata.org/entity/Q55168637,masculino,Samuel Luna López,1857-01-01T00:00:00Z,Almagro,pintor y decorador español
http://www.wikidata.org/entity/Q58638072,femenino,Ana Isabel Abengózar,1977-06-12T00:00:00Z,Alcázar de San Juan,política española
http://www.wikidata.org/entity/Q58657702,femenino,Ana Isabel Fernández Samper,1977-01-01T00:00:00Z,Alcázar de San Juan,política española
http://www.wikidata.org/entity/Q60689743,masculino,Víctor Mollejo,2001-01-21T00:00:00Z,Alcázar de San Juan,futbolista español
http://www.wikidata.org/entity/Q5770154,masculino,Víctor Ciriaco Cruz y Ruiz de León,1812-08-08T00:00:00Z,Valdepeñas,helenista y gramático español (1812-1877)
http://www.wikidata.org/entity/Q5827281,masculino,Eladio Cabañero,1930-12-06T00:00:00Z,Tomelloso,poeta español
http://www.wikidata.org/entity/Q5857985,masculino,Antonio López Torres,1902-07-21T00:00:00Z,Tomelloso,pintor español
http://www.wikidata.org/entity/Q5865827,masculino,Francisco García Pavón,1919-08-24T00:00:00Z,Tomelloso,escritor y crítico español
http://www.wikidata.org/entity/Q5865827,masculino,Francisco García Pavón,1919-09-24T00:00:00Z,Tomelloso,escritor y crítico español
http://www.wikidata.org/entity/Q5889853,masculino,Gustavo Romero Tercero,1970-01-01T00:00:00Z,Valdepeñas,criminal español
http://www.wikidata.org/entity/Q5922713,masculino,Ismael Álvarez de Toledo,1956-01-01T00:00:00Z,Tomelloso,PSOE
http://www.wikidata.org/entity/Q5942293,masculino,José Manuel Rodríguez Carretero,1966-02-03T00:00:00Z,Pedro Muñoz,político español
http://www.wikidata.org/entity/Q3374150,masculino,Pedro de Camprobín,1605-01-01T00:00:00Z,Almagro,artista español
http://www.wikidata.org/entity/Q3724300,masculino,Emiliano Morales,1976-04-03T00:00:00Z,Alcázar de San Juan,baloncestista español
http://www.wikidata.org/entity/Q3731948,femenino,Ermelina Carreño Pareja,1912-01-01T00:00:00Z,Alcázar de San Juan,modelo española
http://www.wikidata.org/entity/Q4711910,masculino,Alberto Abengózar,1989-07-05T00:00:00Z,Alcázar de San Juan,futbolista español
http://www.wikidata.org/entity/Q4776923,masculino,Antonio Rivas Martínez,1965-09-13T00:00:00Z,Alcázar de San Juan,futbolista español
http://www.wikidata.org/entity/Q5290391,masculino,Domingo Miras,1934-02-05T00:00:00Z,Campo de Criptana,escritor español
http://www.wikidata.org/entity/Q18755906,masculino,Ignacio Plaza Jiménez,1994-01-10T00:00:00Z,Ciudad Real,balonmanista español
http://www.wikidata.org/entity/Q19858415,masculino,Javier Baldeón,1960-01-01T00:00:00Z,Ciudad Real,artista español
http://www.wikidata.org/entity/Q19999359,masculino,Esteban Hernández,1979-01-01T00:00:00Z,Ciudad Real,autor de cómic español
"http://www.wikidata.org/entity/Q20014409,masculino,David Cuevas,1982-08-15T00:00:00Z,Ciudad Real,""periodista, escritor, locutor y músico español"""
http://www.wikidata.org/entity/Q20938742,masculino,Miguel Vela Tardío,1922-05-08T00:00:00Z,Ciudad Real,futbolista español
http://www.wikidata.org/entity/Q21042734,masculino,Francisco Zarza Toboso,1938-02-12T00:00:00Z,Ciudad Real,escritor español
http://www.wikidata.org/entity/Q5865525,masculino,Francisco Córdova López,1838-01-01T00:00:00Z,Daimiel,periodista y político español
http://www.wikidata.org/entity/Q5873338,masculino,Gabriel García Maroto,1889-01-01T00:00:00Z,La Solana,pintor español
http://www.wikidata.org/entity/Q5920849,femenino,Isabel Rodríguez,1981-06-05T00:00:00Z,Abenójar,política española
http://www.wikidata.org/entity/Q5930695,masculino,Jesús Sánchez-Maroto Sánchez-Migallón,1986-05-20T00:00:00Z,Manzanares,futbolista español
http://www.wikidata.org/entity/Q20898905,masculino,Daniel Fernández Delgado,1991-12-11T00:00:00Z,Alcázar de San Juan,cantante y compositor español
http://www.wikidata.org/entity/Q21065611,masculino,Simón Ramírez Fernández,1932-08-27T00:00:00Z,Alcázar de San Juan,actor español
http://www.wikidata.org/entity/Q24013642,masculino,Eliseo Álvarez-Arenas Romero,1882-06-14T00:00:00Z,Alcázar de San Juan,militar español
http://www.wikidata.org/entity/Q27017225,masculino,José Antonio Ramos Abengózar,1958-01-01T00:00:00Z,Alcázar de San Juan,arquitecto español
http://www.wikidata.org/entity/Q27147118,masculino,José Aranda Catalán,1918-11-17T00:00:00Z,Almagro,político español
http://www.wikidata.org/entity/Q27683429,femenino,Manolita Espinosa,1935-01-01T00:00:00Z,Almagro,escritora española nacida en 1935
http://www.wikidata.org/entity/Q28003086,masculino,Santiago Ramos Plaza,1944-01-01T00:00:00Z,Alcázar de San Juan,poeta español
http://www.wikidata.org/entity/Q38834434,masculino,Alfredo Galera,1899-08-01T00:00:00Z,Alcázar de San Juan,militar español
http://www.wikidata.org/entity/Q3810548,masculino,José García Ortega,1921-01-01T00:00:00Z,Arroba de los Montes,pintor español
"http://www.wikidata.org/entity/Q4889495,masculino,Máximo Laguna y Villanueva,1826-12-02T00:00:00Z,Santa Cruz de Mudela,""botánico, ingeniero de montes y entomólogo español"""
http://www.wikidata.org/entity/Q5638508,masculino,Máximo Díaz-Cano del Rey,1960-03-23T00:00:00Z,La Solana,político español
http://www.wikidata.org/entity/Q5689438,masculino,José Enrique Camacho,1938-01-01T00:00:00Z,Manzanares,actor español
http://www.wikidata.org/entity/Q5697659,masculino,Antonio-Prometeo Moya,1949-11-07T00:00:00Z,Montiel,escritor español
http://www.wikidata.org/entity/Q5868858,masculino,Gregorio García,1556-01-01T00:00:00Z,Cózar,cronista y misionero español en América
http://www.wikidata.org/entity/Q5868858,masculino,Gregorio García,1561-01-01T00:00:00Z,Cózar,cronista y misionero español en América
"http://www.wikidata.org/entity/Q5920835,femenino,Isabel Prieto de Landázuri,1833-03-01T00:00:00Z,Alcázar de San Juan,""poeta y dramaturga española, considerada parte del canon decimonónico mexicano"""
http://www.wikidata.org/entity/Q5938359,masculino,José Aureliano de la Guía,1963-01-01T00:00:00Z,Campo de Criptana,poeta español
http://www.wikidata.org/entity/Q5938606,masculino,José Díaz Gómez,1930-01-01T00:00:00Z,Campo de Criptana,pintor español
http://www.wikidata.org/entity/Q5942018,masculino,José Manuel Cañas Reillo,1967-01-01T00:00:00Z,Campo de Criptana,pintor español
"http://www.wikidata.org/entity/Q5949636,masculino,Juan Frederic Schedler Van der Schueren,1560-01-01T00:00:00Z,Almagro,""Jesuita, teólogo y escritor español."""
http://www.wikidata.org/entity/Q5984641,femenino,Luisa Alberca,1920-08-09T00:00:00Z,Alcázar de San Juan,escritora española
http://www.wikidata.org/entity/Q3181301,masculino,Juan Luis Rodríguez-Vigil,1945-03-17T00:00:00Z,Valdepeñas,político español
http://www.wikidata.org/entity/Q3612903,masculino,Alonso de Córdoba,1505-01-01T00:00:00Z,Valdepeñas,explorador español
http://www.wikidata.org/entity/Q4328284,masculino,Francisco Nieva,1924-12-29T00:00:00Z,Valdepeñas,dramaturgo español
http://www.wikidata.org/entity/Q4356395,masculino,Lorenzo Luzuriaga Medina,1889-10-29T00:00:00Z,Valdepeñas,pedagogo español
http://www.wikidata.org/entity/Q4714471,masculino,Alejandro Alonso Núñez,1951-08-20T00:00:00Z,Valdepeñas,político español
http://www.wikidata.org/entity/Q948257,masculino,Cirilo del Río Rodríguez,1892-02-27T00:00:00Z,Castellar de Santiago,abogado y político de la Segunda República
http://www.wikidata.org/entity/Q981471,masculino,Cayo Lara,1952-01-29T00:00:00Z,Argamasilla de Alba,político español
http://www.wikidata.org/entity/Q1232924,masculino,Luis Rodríguez Salazar,1948-01-01T00:00:00Z,Fuente el Fresno,músico español
http://www.wikidata.org/entity/Q2517837,masculino,Antolín Monescillo,1811-09-02T00:00:00Z,Corral de Calatrava,cardenal español
http://www.wikidata.org/entity/Q3014635,masculino,Daniel Rubio Sánchez,1883-04-20T00:00:00Z,Argamasilla de Calatrava,arquitecto español
http://www.wikidata.org/entity/Q6436349,masculino,Francisco Abad Moreno,1788-04-24T00:00:00Z,Valdepeñas,oficial y guerrillero español
http://www.wikidata.org/entity/Q6787421,masculino,Matías de Arteaga y Alfaro,1630-01-01T00:00:00Z,Villanueva de los Infantes,artista español
http://www.wikidata.org/entity/Q6787421,masculino,Matías de Arteaga y Alfaro,1633-01-01T00:00:00Z,Villanueva de los Infantes,artista español
http://www.wikidata.org/entity/Q11922986,masculino,Francisco Jordán,1886-09-13T00:00:00Z,Valdepeñas,sindicalista español
http://www.wikidata.org/entity/Q12162865,masculino,Dionisio Cañas,1949-01-01T00:00:00Z,Tomelloso,Poeta y artista español
http://www.wikidata.org/entity/Q14067946,masculino,Santiago Lucas-Torres Lopez-Casero,1969-01-01T00:00:00Z,Campo de Criptana,político de España
http://www.wikidata.org/entity/Q16297836,masculino,Vicente Blanco Brazales,1959-04-25T00:00:00Z,Almagro,futbolista español
http://www.wikidata.org/entity/Q16760686,masculino,José Carlos Soria,1975-11-06T00:00:00Z,Alcázar de San Juan,futbolista español
http://www.wikidata.org/entity/Q5751545,masculino,Carlos Rivas Sánchez,1958-01-05T00:00:00Z,Almadén,político de España
http://www.wikidata.org/entity/Q5817602,masculino,Edelmiro Arnaltes,1950-01-01T00:00:00Z,Almadén,pianista español
http://www.wikidata.org/entity/Q5825910,masculino,El niño de Almadén,1899-01-01T00:00:00Z,Almadén,cantante español
http://www.wikidata.org/entity/Q5833003,masculino,Enrique Alarcón,1917-06-13T00:00:00Z,Campo de Criptana,Arquitecto y escenógrafo de cine español
http://www.wikidata.org/entity/Q5833593,masculino,Enrique Millán Alarcón,1908-02-09T00:00:00Z,Campo de Criptana,esquiador de fondo español
http://www.wikidata.org/entity/Q14069545,masculino,Jesús Martín,1959-11-15T00:00:00Z,Valdepeñas,político de España
http://www.wikidata.org/entity/Q15077313,masculino,Blas Camacho Zancada,1939-12-24T00:00:00Z,Tomelloso,abogado y político conservador español
http://www.wikidata.org/entity/Q16300598,masculino,Alejandro Fernández-Alves Alcázar,1954-05-31T00:00:00Z,Tomelloso,futbolista español
http://www.wikidata.org/entity/Q16596726,femenino,Madre Cándida de San Agustín,1804-02-15T00:00:00Z,Valdepeñas,religiosa española
http://www.wikidata.org/entity/Q16799337,masculino,Carlos Ramírez Zancas,1938-09-11T00:00:00Z,Tomelloso,futbolista español
http://www.wikidata.org/entity/Q20004342,masculino,José Antonio Espinosa Hernández,1969-11-24T00:00:00Z,Tomelloso,ciclista español
http://www.wikidata.org/entity/Q5390418,masculino,José Luis Cano,1988-04-28T00:00:00Z,Tomelloso,ciclista español
http://www.wikidata.org/entity/Q5483401,masculino,Rodrigo de Valdepeñas,1505-01-01T00:00:00Z,Valdepeñas,poeta y religioso cartujo español.
http://www.wikidata.org/entity/Q5647216,masculino,Pedro de Morales,1538-01-01T00:00:00Z,Valdepeñas,escritor español
"http://www.wikidata.org/entity/Q5674137,femenino,Ana de Castro Egas,1600-01-01T00:00:00Z,Valdepeñas,""poetisa, escritora y biógrafa española del Siglo de Oro"""
http://www.wikidata.org/entity/Q5751741,masculino,Carlos Saura Riaza,1960-01-01T00:00:00Z,Villanueva de los Infantes,pintor español
http://www.wikidata.org/entity/Q99556368,femenino,María de Borbón-Dos Sicilias,2015-03-05T00:00:00Z,Ciudad Real,aristócrata española
http://www.wikidata.org/entity/Q99556608,femenino,Blanca de Borbón-Dos Sicilias,2011-04-07T00:00:00Z,Ciudad Real,aristócrata española
http://www.wikidata.org/entity/Q104243768,masculino,Juan Ignacio Campos,1950-11-07T00:00:00Z,Ciudad Real,fiscal español
http://www.wikidata.org/entity/Q105797727,femenino,Carmen Orellana Illescas,1957-01-27T00:00:00Z,Ciudad Real,agente de medio ambiente
http://www.wikidata.org/entity/Q106033941,femenino,Juana González,1972-05-24T00:00:00Z,Puertollano,pintora figurativa española
http://www.wikidata.org/entity/Q106362491,masculino,Fernán Gómez de Cibdareal,1388-01-01T00:00:00Z,Ciudad Real,médico y escritor español
http://www.wikidata.org/entity/Q106489524,masculino,Q106489524,1945-01-17T00:00:00Z,Ciudad Real,futbolista español
"http://www.wikidata.org/entity/Q108619491,masculino,Teodoro León Muñoz,1964-11-27T00:00:00Z,Puertollano,""Sacerdote, teólogo y canonista católico español, obispo auxiliar electo de Sevilla"""
http://www.wikidata.org/entity/Q110681841,masculino,José Ramón Poblador Arias,1940-01-01T00:00:00Z,Ciudad Real,escultor español
http://www.wikidata.org/entity/Q112631118,femenino,Encarnación Ruano Ruiz,1938-02-08T00:00:00Z,Ciudad Real,arqueóloga española
http://www.wikidata.org/entity/Q114079090,femenino,Sagrario Santana Alberdi,1960-11-18T00:00:00Z,Ciudad Real,balonmanista española
http://www.wikidata.org/entity/Q119818709,masculino,Miguel Belló,,Puertollano,Ingeniero aeroespacial español
http://www.wikidata.org/entity/Q320160,masculino,Juan de Ávila,1499-01-15T00:00:00Z,Almodóvar del Campo,sacerdote y escritor ascético español (1499-1569)
http://www.wikidata.org/entity/Q715375,masculino,Arturo Mora,1987-03-24T00:00:00Z,Fuente el Fresno,ciclista español
http://www.wikidata.org/entity/Q738775,masculino,Sergio Pardilla,1984-01-16T00:00:00Z,Membrilla,ciclista español
http://www.wikidata.org/entity/Q776171,masculino,Fernando Yáñez de la Almedina,1459-01-01T00:00:00Z,Almedina,artista español
http://www.wikidata.org/entity/Q16187728,masculino,Esteban Casado Poveda,1943-09-11T00:00:00Z,Ciudad Real,político español
http://www.wikidata.org/entity/Q16195357,femenino,Esperanza Tercero,1963-10-27T00:00:00Z,Ciudad Real,balonmanista española
http://www.wikidata.org/entity/Q16232710,masculino,Francisco Sánchez Lara,1989-08-11T00:00:00Z,Ciudad Real,baloncestista español
http://www.wikidata.org/entity/Q16295625,masculino,Ángel Pérez de Inestrosa,1986-03-31T00:00:00Z,Ciudad Real,balonmanista español
http://www.wikidata.org/entity/Q16302045,masculino,José Luis Serrano,1967-01-01T00:00:00Z,Ciudad Real,escritor español
http://www.wikidata.org/entity/Q16582632,masculino,José Antonio Muñoz García,1923-08-20T00:00:00Z,Ciudad Real,abogado español
http://www.wikidata.org/entity/Q2134417,masculino,Raúl García de Mateos,1982-07-05T00:00:00Z,Manzanares,ciclista español
http://www.wikidata.org/entity/Q2274959,masculino,Jesús Merino,1987-07-08T00:00:00Z,Manzanares,ciclista español
http://www.wikidata.org/entity/Q2884328,masculino,Isidro Antequera,1926-01-01T00:00:00Z,La Solana,pintor español
http://www.wikidata.org/entity/Q3314962,masculino,Miguel Fisac,1913-09-29T00:00:00Z,Daimiel,arquitecto y pintor español
http://www.wikidata.org/entity/Q3755420,masculino,Félix Huete Piñeno,1914-08-25T00:00:00Z,Carrión de Calatrava,futbolista español
http://www.wikidata.org/entity/Q20005859,masculino,Mateo Santos Cantero,1891-01-01T00:00:00Z,Villanueva de los Infantes,periodista español
http://www.wikidata.org/entity/Q22771524,masculino,Jesús Alberto Rubio,1992-01-25T00:00:00Z,Tomelloso,ciclista español
http://www.wikidata.org/entity/Q23900548,masculino,Juan García Gómez-Caminero,1871-01-01T00:00:00Z,Valdepeñas,militar español
http://www.wikidata.org/entity/Q27430226,masculino,Julián del Pozo y la Orden,1849-01-01T00:00:00Z,Pedro Muñoz,pintor español
http://www.wikidata.org/entity/Q27858287,femenino,Carmen Casero González,,Tomelloso,política española
http://www.wikidata.org/entity/Q27961506,masculino,Ignacio Morales Nieva,1928-12-18T00:00:00Z,Valdepeñas,compositor español
http://www.wikidata.org/entity/Q2461199,masculino,Miguel Morayta Martínez,1907-08-15T00:00:00Z,Villahermosa,director de cine español
http://www.wikidata.org/entity/Q2836222,masculino,Gregorio Prieto,1897-05-02T00:00:00Z,Valdepeñas,pintor español
http://www.wikidata.org/entity/Q2843195,masculino,Francisco Cerezo,1971-01-06T00:00:00Z,Tomelloso,ciclista español
http://www.wikidata.org/entity/Q2857305,masculino,Antonio García y Bellido,1903-02-10T00:00:00Z,Villanueva de los Infantes,arqueólogo español (1902–1972)
http://www.wikidata.org/entity/Q2895416,masculino,José López Martínez,1931-01-01T00:00:00Z,Tomelloso,escritor español
http://www.wikidata.org/entity/Q2052028,masculino,Rafael Serrano,1987-07-15T00:00:00Z,Tomelloso,ciclista español
"http://www.wikidata.org/entity/Q2220937,femenino,Juana Galán,1787-01-01T00:00:00Z,Valdepeñas,""Guerrillera española, heroína de la Guerra de la Independencia"""
http://www.wikidata.org/entity/Q2332106,masculino,Jaime Jiménez Merlo,1977-02-02T00:00:00Z,Valdepeñas,futbolista español
http://www.wikidata.org/entity/Q2332106,masculino,Jaime Jiménez Merlo,1980-12-10T00:00:00Z,Valdepeñas,futbolista español
http://www.wikidata.org/entity/Q60935754,femenino,Carmen Manzaneque,1957-01-01T00:00:00Z,Campo de Criptana,Carmen Manzaneque es una escritora española
http://www.wikidata.org/entity/Q62554644,masculino,Juan Julio Baena Álvarez,1925-01-01T00:00:00Z,Alcázar de San Juan,director de fotografía español
http://www.wikidata.org/entity/Q64767636,masculino,Rafael Cavanillas y Malo,1778-10-25T00:00:00Z,Almadén,25.X.1778 - 5.XII.1853
http://www.wikidata.org/entity/Q66663497,femenino,María Ángeles Rosado Peinado,1979-08-07T00:00:00Z,Alcázar de San Juan,político español
http://www.wikidata.org/entity/Q85677978,masculino,Fernando Caravantes y Méndez,1788-05-30T00:00:00Z,Almadén,30.V.1788 - 1852
http://www.wikidata.org/entity/Q86753728,femenino,María Manjavacas,1950-01-01T00:00:00Z,Campo de Criptana,periodista española especializada en periodismo social
http://www.wikidata.org/entity/Q86849671,masculino,Luis Martínez Gutiérrez,1910-07-24T00:00:00Z,Aldea del Rey,político español
http://www.wikidata.org/entity/Q3750903,masculino,Antonio Gala,1930-10-02T00:00:00Z,Brazatortas,escritor español
http://www.wikidata.org/entity/Q3823910,masculino,Fernando Usero,1984-03-27T00:00:00Z,Brazatortas,futbolista español
"http://www.wikidata.org/entity/Q4865546,masculino,Bartolomé Jiménez Patón,1569-01-01T00:00:00Z,Almedina,""humanista, gramático y retórico español"""
http://www.wikidata.org/entity/Q28872630,femenino,Cristina Flora Molina Ciudad,1986-07-19T00:00:00Z,Calzada de Calatrava,política española
"http://www.wikidata.org/entity/Q29555929,masculino,Juan Gómez-Cornejo,1957-02-20T00:00:00Z,Valdepeñas,""diseñador de iluminación de teatro, danza y ópera español"""
http://www.wikidata.org/entity/Q30447919,femenino,Lourdes Fernández Malagón,1959-03-25T00:00:00Z,Valdepeñas,Gestora Cultural española
http://www.wikidata.org/entity/Q47528726,masculino,Manu Rios,1998-12-17T00:00:00Z,Calzada de Calatrava,Actor español
http://www.wikidata.org/entity/Q55464019,masculino,Joaquín Brotons Peñasco,1952-01-01T00:00:00Z,Valdepeñas,poeta español (1952-)
http://www.wikidata.org/entity/Q11002740,masculino,Emilio Calatayud Pérez,1955-12-22T00:00:00Z,Ciudad Real,magistrado español y juez de menores de Granada
http://www.wikidata.org/entity/Q11686218,masculino,José Villaverde Fernández,1763-01-01T00:00:00Z,Ciudad Real,escritor español
http://www.wikidata.org/entity/Q11686670,masculino,Juanjo Díaz,1949-01-08T00:00:00Z,Ciudad Real,futbolista español
http://www.wikidata.org/entity/Q11728745,masculino,Juan Andrés Naranjo Escobar,1952-01-04T00:00:00Z,Ciudad Real,político español
http://www.wikidata.org/entity/Q12354412,masculino,Raúl Martínez Anguita,1975-01-01T00:00:00Z,Ciudad Real,esperantista español
http://www.wikidata.org/entity/Q16150745,masculino,Antonio Andujar Arroyo,1978-05-05T00:00:00Z,Ciudad Real,atleta español
http://www.wikidata.org/entity/Q21480455,masculino,Antonio Zoilo Vázquez Marjaliza,1842-01-01T00:00:00Z,Ciudad Real,político español
"http://www.wikidata.org/entity/Q21483870,masculino,Salvador Jiménez Coronado,1747-01-07T00:00:00Z,Ciudad Real,""Sacerdote escolapio, astrónomo y matemático español (1747-1813)"""
"http://www.wikidata.org/entity/Q21540743,masculino,Jerónimo López Salazar Martínez,1899-02-14T00:00:00Z,Ciudad Real,""profesor, escultor y pintor español"""
http://www.wikidata.org/entity/Q23446768,masculino,Joaquín García Donaire,1926-07-29T00:00:00Z,Ciudad Real,escultor español
http://www.wikidata.org/entity/Q23798834,femenino,Concha Peña Pastor,1906-11-09T00:00:00Z,Ciudad Real,abogada española
http://www.wikidata.org/entity/Q24035245,masculino,Matías Gómez García,1990-07-22T00:00:00Z,Ciudad Real,karateka español
"http://www.wikidata.org/entity/Q5939646,masculino,José Fernández-Arroyo,1928-02-12T00:00:00Z,Manzanares,""escritor, pintor y escultor español"""
http://www.wikidata.org/entity/Q5940324,masculino,José Gómez Ortega,1813-08-27T00:00:00Z,Manzanares,político
http://www.wikidata.org/entity/Q5945292,masculino,José Ruiz de la Hermosa,1850-01-01T00:00:00Z,Daimiel,militante de las Juventudes de Acción Popular (JAP)
http://www.wikidata.org/entity/Q5945401,masculino,José Sanromá Aldea,1947-12-14T00:00:00Z,Daimiel,político español
http://www.wikidata.org/entity/Q5994526,masculino,Manuel Velasco Laguna,1955-01-01T00:00:00Z,Santa Cruz de Mudela,fotógrafo y escritor español
http://www.wikidata.org/entity/Q6068877,masculino,Pedro García Conde,1603-01-01T00:00:00Z,Manzanares,veterinario español
http://www.wikidata.org/entity/Q6070226,masculino,Pedro Sánchez de la Nieta,1962-05-26T00:00:00Z,Daimiel,futbolista español
http://www.wikidata.org/entity/Q4890416,masculino,Manuel Zúñiga Fernández,1960-06-29T00:00:00Z,Luciana,futbolista español
http://www.wikidata.org/entity/Q5659247,masculino,Miguel Ángel Villanueva,1967-09-06T00:00:00Z,Fuente el Fresno,político español
http://www.wikidata.org/entity/Q5660744,masculino,Agustín López,1501-01-01T00:00:00Z,Argamasilla de Calatrava,escritor
http://www.wikidata.org/entity/Q5699559,masculino,Antonio Rodríguez Huéscar,1912-04-13T00:00:00Z,Fuenllana,filósofo español
http://www.wikidata.org/entity/Q66603881,masculino,Eduardo Raboso García-Baquero,1964-04-27T00:00:00Z,Ciudad Real,político de España
http://www.wikidata.org/entity/Q66603963,,María del Carmen López Ruiz,1961-12-15T00:00:00Z,Ciudad Real,político de España
http://www.wikidata.org/entity/Q66663415,,Francisco Javier Fernández-Bravo García,1976-08-21T00:00:00Z,Ciudad Real,político español
http://www.wikidata.org/entity/Q84858270,femenino,Nuria Barbarroja,2000-01-01T00:00:00Z,Puertollano,investigadora biomédica española
http://www.wikidata.org/entity/Q86834670,masculino,Jose Maria Navarro Villodre,1917-12-24T00:00:00Z,Ciudad Real,político español
http://www.wikidata.org/entity/Q86930483,masculino,Jose Bañales Novella,1924-03-19T00:00:00Z,Puertollano,político español
http://www.wikidata.org/entity/Q63171259,masculino,Juan Bautista de Aguilera Arias Quintanilla,1623-01-01T00:00:00Z,Ciudad Real,1623 - 1705
http://www.wikidata.org/entity/Q63183119,masculino,Álvaro de Maldonado y Maldonado,1849-01-01T00:00:00Z,Ciudad Real,militar español
http://www.wikidata.org/entity/Q63675644,masculino,Manuel Fernández-Conde,1909-09-08T00:00:00Z,Puertollano,obispo católico español
http://www.wikidata.org/entity/Q63942607,masculino,Felipe García Coronado,1902-02-15T00:00:00Z,Ciudad Real,escultor español (1902-1937)
"http://www.wikidata.org/entity/Q65015565,masculino,Alfonso González-Calero García,1951-01-01T00:00:00Z,Ciudad Real,""periodista, historiador y editor español"""
http://www.wikidata.org/entity/Q65386960,masculino,Sabas Calvillo Velasco,1945-01-01T00:00:00Z,Ciudad Real,director de orquesta y de coro español
http://www.wikidata.org/entity/Q66371864,femenino,Mayte Fernández,1977-02-02T00:00:00Z,Puertollano,política española
http://www.wikidata.org/entity/Q66498271,femenino,Cristina López Zamora,1989-03-25T00:00:00Z,Ciudad Real,político español
http://www.wikidata.org/entity/Q26696021,masculino,Isidro Díaz de Mera Escuderos,1989-08-24T00:00:00Z,Daimiel,Árbitro de fútbol español
http://www.wikidata.org/entity/Q27755759,masculino,José Alberto Martín-Toledano Suárez,1963-02-26T00:00:00Z,Malagón,político español
http://www.wikidata.org/entity/Q29817101,masculino,Nemesio de Lara Guerrero,1952-11-28T00:00:00Z,La Solana,político español
http://www.wikidata.org/entity/Q87391974,masculino,Gregorio Juncos Miralles,1924-09-25T00:00:00Z,Ciudad Real,político español
http://www.wikidata.org/entity/Q87929264,,Jose Blanco Rodriguez,1890-03-03T00:00:00Z,Ciudad Real,político español
http://www.wikidata.org/entity/Q88316808,masculino,Emilio Ferrín,1965-10-07T00:00:00Z,Ciudad Real,islamólogo español
http://www.wikidata.org/entity/Q88376163,femenino,María José Rubio Fuentes,1965-01-01T00:00:00Z,Puertollano,historiadora española y epigrafista (1965-2020)
http://www.wikidata.org/entity/Q90781711,masculino,Luis de Moya,1953-08-17T00:00:00Z,Ciudad Real,sacerdote y escritor español
http://www.wikidata.org/entity/Q93124891,masculino,Bernardo Mulleras Garcia,1877-06-18T00:00:00Z,Ciudad Real,político español
"http://www.wikidata.org/entity/Q93379873,masculino,Delfín Rodríguez,1956-11-30T00:00:00Z,Puertollano,""crítico de arte, escritor y catedrático español"""
http://www.wikidata.org/entity/Q93435060,masculino,Carlos Caballero Jurado,1957-01-01T00:00:00Z,Ciudad Real,profesor y escritor español
http://www.wikidata.org/entity/Q96034697,masculino,Joaquín Barón,1970-01-01T00:00:00Z,Ciudad Real,pintor y escultor
"http://www.wikidata.org/entity/Q97663748,masculino,Chema Gallardo,1962-02-23T00:00:00Z,Puertollano,""Dibujante de animación, ilustrador y diseñador español"""
http://www.wikidata.org/entity/Q6148426,masculino,Tomás Barrera,1870-02-13T00:00:00Z,La Solana,compositor español (1870-1938)
http://www.wikidata.org/entity/Q6294057,masculino,José Mota,1965-06-30T00:00:00Z,Montiel,actor y humorista español
"http://www.wikidata.org/entity/Q7159564,masculino,Pedro Estala,1757-08-01T00:00:00Z,Daimiel,""escritor, filólogo, helenista, crítico literario, traductor, editor y religioso escolapio español"""
http://www.wikidata.org/entity/Q7290495,masculino,Ramón González Expósito,1974-11-25T00:00:00Z,Malagón,futbolista español
http://www.wikidata.org/entity/Q8195336,masculino,Alfredo Alcalá,1940-01-09T00:00:00Z,Ballesteros de Calatrava,arquitecto español
http://www.wikidata.org/entity/Q9028049,masculino,Manuel Piña,1944-05-21T00:00:00Z,Manzanares,Diseñador español de moda (1944-1994)
http://www.wikidata.org/entity/Q11913895,masculino,Cipriano García Sánchez,1927-09-26T00:00:00Z,Manzanares,sindicalista y político
http://www.wikidata.org/entity/Q6099622,masculino,Ramón Fernández Palmeral,1947-05-07T00:00:00Z,Piedrabuena,pintor español
http://www.wikidata.org/entity/Q6109569,masculino,Roberto Aliaga,1976-01-01T00:00:00Z,Argamasilla de Alba,escritor español
http://www.wikidata.org/entity/Q6121191,masculino,Santiago Vozmediano,1914-01-05T00:00:00Z,Mestanza,futbolista español
http://www.wikidata.org/entity/Q399192,masculino,Agustín Díaz de Mera,1947-09-27T00:00:00Z,Daimiel,político español
http://www.wikidata.org/entity/Q579640,femenino,Macarena Aguilar,1985-03-12T00:00:00Z,Bolaños de Calatrava,balonmanista española
http://www.wikidata.org/entity/Q676255,masculino,Manolo «el del Bombo»,1949-01-15T00:00:00Z,San Carlos del Valle,hincha futbolístico
http://www.wikidata.org/entity/Q1891567,masculino,Manuel Jiménez Taravilla,1940-02-02T00:00:00Z,Manzanares,arquero español
http://www.wikidata.org/entity/Q2066640,masculino,Pedro Merino,1987-07-08T00:00:00Z,Manzanares,ciclista español
http://www.wikidata.org/entity/Q5699555,masculino,Antonio Rodríguez García-Vao,1863-03-24T00:00:00Z,Manzanares,escritor español
http://www.wikidata.org/entity/Q5699866,masculino,Antonio Serrano (atleta),1965-03-08T00:00:00Z,La Solana,atleta español
http://www.wikidata.org/entity/Q5751541,masculino,Carlos Risueño y Mena,1778-01-01T00:00:00Z,Daimiel,veterinario y militar español (1778-1847)
http://www.wikidata.org/entity/Q5756219,masculino,Casimiro García-Abadillo,1957-10-11T00:00:00Z,La Solana,periodista español
http://www.wikidata.org/entity/Q5759862,masculino,Cecilio Alonso,1958-01-12T00:00:00Z,Malagón,balonmanista español
http://www.wikidata.org/entity/Q5830143,masculino,Elviro Aranda Álvarez,1961-10-15T00:00:00Z,Bolaños de Calatrava,político español
http://www.wikidata.org/entity/Q5992158,masculino,Manuel Angulo Sepúlveda,1904-01-01T00:00:00Z,Campo de Criptana,músico español
http://www.wikidata.org/entity/Q6004777,femenino,María Zaragoza,1982-09-16T00:00:00Z,Campo de Criptana,escritora española
"http://www.wikidata.org/entity/Q6068628,masculino,Pedro Díaz Morante,1565-01-01T00:00:00Z,Alcázar de San Juan,""calígrafo, tipógrafo y pedagogo español"""
http://www.wikidata.org/entity/Q6093376,femenino,Purificación Ortiz Ortiz,1972-01-01T00:00:00Z,Campo de Criptana,atleta paralímpica española
http://www.wikidata.org/entity/Q6102628,masculino,Recesvinto Casero Úbeda,1962-03-20T00:00:00Z,Alcázar de San Juan,futbolista español
http://www.wikidata.org/entity/Q6158868,masculino,Valentín Arteaga,1936-01-01T00:00:00Z,Campo de Criptana,poeta y religioso teatino español
http://www.wikidata.org/entity/Q6173059,masculino,Ángel Arteaga,1928-01-28T00:00:00Z,Campo de Criptana,compositor español
http://www.wikidata.org/entity/Q5947294,masculino,Juan Antonio Giraldo,1937-03-04T00:00:00Z,Villanueva de los Infantes,escultor español
http://www.wikidata.org/entity/Q5979109,masculino,Lorenzo Sánchez López,1949-01-07T00:00:00Z,Tomelloso,geógrafo español
http://www.wikidata.org/entity/Q5994092,masculino,Manuel Pérez Castell,1948-02-12T00:00:00Z,Villahermosa,político español
http://www.wikidata.org/entity/Q6068054,masculino,Pedro A. González Moreno,1960-01-01T00:00:00Z,Calzada de Calatrava,poeta y escritor español
http://www.wikidata.org/entity/Q86929365,masculino,Eloy Miguel Sancho Garcia,1925-07-05T00:00:00Z,Almadén,político español
http://www.wikidata.org/entity/Q99493828,masculino,Ramón Fernández Luna,1867-11-30T00:00:00Z,Almadén,comisario y detective español
"http://www.wikidata.org/entity/Q100969163,masculino,Olayo Díaz Giménez,1810-01-01T00:00:00Z,Almadén,""físico, catedrático y médico español"""
http://www.wikidata.org/entity/Q101076565,masculino,Isidro Parra,1925-09-14T00:00:00Z,Alcázar de San Juan,artista español
http://www.wikidata.org/entity/Q107723177,femenino,Ana Iris Simón,1991-06-02T00:00:00Z,Campo de Criptana,escritora y periodista española
http://www.wikidata.org/entity/Q107723177,femenino,Ana Iris Simón,1991-06-02T00:00:00Z,Campo de Criptana,escritora española
http://www.wikidata.org/entity/Q60047845,masculino,Francisco José Carretero Cepeda,1879-12-03T00:00:00Z,Tomelloso,pintor
"http://www.wikidata.org/entity/Q60827852,masculino,Luis Quirós Arias,1893-04-04T00:00:00Z,Tomelloso,""escritor, pintor y político español"""
http://www.wikidata.org/entity/Q61747137,masculino,Juanma R. Pachón,1975-05-10T00:00:00Z,Tomelloso,Director y productor audiovisual español
http://www.wikidata.org/entity/Q61858089,masculino,Fernando Ugena López,1902-01-07T00:00:00Z,Tomelloso,militar español
http://www.wikidata.org/entity/Q62506566,masculino,Gonzalo Navarro Castellanos,1616-01-01T00:00:00Z,Villanueva de los Infantes,humanista y crítico teatral español
http://www.wikidata.org/entity/Q64750658,femenino,Alicia Palacios Cañas,,Tomelloso,investigador
http://www.wikidata.org/entity/Q65160151,femenino,Sagrario Torres,1922-01-01T00:00:00Z,Valdepeñas,escritora española
http://www.wikidata.org/entity/Q24256243,masculino,Ceferino Saúco Díez,1851-09-19T00:00:00Z,Ciudad Real,Político y artista de España.
http://www.wikidata.org/entity/Q108508460,masculino,Josie,1980-03-28T00:00:00Z,Manzanares,Diseñador de moda español
"http://www.wikidata.org/entity/Q115195983,femenino,Lydia Pavón,1998-11-23T00:00:00Z,Puerto Lápice,""actriz, bailarina y modelo española"""
http://www.wikidata.org/entity/Q33396337,masculino,José Poveda Murcia,1910-10-27T00:00:00Z,Torralba de Calatrava,político y registrador de la propiedad español (1910-1982)
http://www.wikidata.org/entity/Q40885979,masculino,Blas Tello,1908-11-12T00:00:00Z,Manzanares,político y magistrado español (1908-1984)
http://www.wikidata.org/entity/Q47001632,masculino,Santos Montoya Torres,1966-06-22T00:00:00Z,La Solana,Obispo católico español
http://www.wikidata.org/entity/Q47500580,masculino,Javi Abengózar,1985-03-08T00:00:00Z,Manzanares,actor de doblaje
http://www.wikidata.org/entity/Q50376507,femenino,Clara Delgado Valero,1952-01-01T00:00:00Z,Ballesteros de Calatrava,historiadora del arte y profesora universitaria española
http://www.wikidata.org/entity/Q5840195,femenino,Esperanza Elipe,1961-07-11T00:00:00Z,Membrilla,actriz española
http://www.wikidata.org/entity/Q5859800,masculino,Fernando Lozano Montes,1844-08-01T00:00:00Z,Almadenejo,periodista y político español
http://www.wikidata.org/entity/Q5938170,masculino,José Antonio Valdelomar,1958-01-01T00:00:00Z,Fuente el Fresno,actor español
http://www.wikidata.org/entity/Q5945954,masculino,José Valverde Serrano,1957-04-17T00:00:00Z,Argamasilla de Alba,político español
http://www.wikidata.org/entity/Q5949708,masculino,Juan García Carpintero,1604-01-01T00:00:00Z,Moral de Calatrava,misionero español
http://www.wikidata.org/entity/Q5994898,femenino,Manuela Manzanares,1910-01-01T00:00:00Z,Torre de Juan Abad,escritora española
http://www.wikidata.org/entity/Q84772633,masculino,Julián Calero Escobar,1910-12-10T00:00:00Z,Almagro,político español
http://www.wikidata.org/entity/Q84852931,masculino,Arturo Espinosa Poveda,1920-09-14T00:00:00Z,Valdepeñas,político español
http://www.wikidata.org/entity/Q87072268,masculino,Francisco Bernalte Bernardo,1936-03-12T00:00:00Z,Calzada de Calatrava,político español
http://www.wikidata.org/entity/Q93123329,masculino,Manuel Fernandez Puebla y Ruiz,1879-03-31T00:00:00Z,Almagro,político español
http://www.wikidata.org/entity/Q6293250,masculino,José María de la Fuente,1855-04-01T00:00:00Z,Pozuelo de Calatrava,entomólogo español
http://www.wikidata.org/entity/Q6700444,masculino,Luis Cobos,1940-10-30T00:00:00Z,Campo de Criptana,Músico y director de orquesta español
http://www.wikidata.org/entity/Q7708648,masculino,Teófilo Benito,1966-07-22T00:00:00Z,Alcolea de Calatrava,atleta español
http://www.wikidata.org/entity/Q8480623,masculino,Juan Martín Cabezalero,1633-01-01T00:00:00Z,Almadén,artista español
http://www.wikidata.org/entity/Q11037429,masculino,José Corredor Matheos,1929-01-01T00:00:00Z,Alcázar de San Juan,Escritor español
http://www.wikidata.org/entity/Q11681433,masculino,Elías Molina-Prados,1982-02-16T00:00:00Z,Alcázar de San Juan,futbolista español
http://www.wikidata.org/entity/Q11681433,masculino,Elías Molina-Prados,1982-02-19T00:00:00Z,Alcázar de San Juan,futbolista español
http://www.wikidata.org/entity/Q14411883,masculino,Francisco Javier García Rubio,1990-01-07T00:00:00Z,Bolaños de Calatrava,Balonmanista español
http://www.wikidata.org/entity/Q16235035,masculino,Rubén Sobrinas,1992-06-01T00:00:00Z,Daimiel,futbolista español
http://www.wikidata.org/entity/Q16302294,masculino,Jesús Reguillos Moya,1986-10-17T00:00:00Z,Daimiel,futbolista español
"http://www.wikidata.org/entity/Q16543619,femenino,Carmen Velacoracho de Lara,1880-01-01T00:00:00Z,La Solana,""escritora, periodista, editora y feminista hispano-cubana (c.1880-1960)"""
http://www.wikidata.org/entity/Q16646086,masculino,Vicente García de Mateos,1988-09-19T00:00:00Z,Manzanares,ciclista español
"http://www.wikidata.org/entity/Q18417043,masculino,Evaristo Gil,1893-05-01T00:00:00Z,Montiel,""panadero, sindicalista y político español"""
http://www.wikidata.org/entity/Q6148632,masculino,Tomás Roncero,1965-05-09T00:00:00Z,Villarrubia de los Ojos,Periodista deportivo español
http://www.wikidata.org/entity/Q6293953,masculino,José Salcedo,1949-01-01T00:00:00Z,Mestanza,montador de cine español
http://www.wikidata.org/entity/Q6310278,masculino,Julián Infante,1957-07-17T00:00:00Z,Fuente el Fresno,músico español
http://www.wikidata.org/entity/Q9033176,masculino,Millán Salcedo Salcedo,1955-04-14T00:00:00Z,Brazatortas,actor y comediante español
"http://www.wikidata.org/entity/Q9066249,masculino,Ramiro Alonso Padierna de Villapadierna,1859-01-01T00:00:00Z,Almodóvar del Campo,""político liberal español, jurista y Subsecretario de Gracia y Justicia"""
http://www.wikidata.org/entity/Q9070286,masculino,Rodrigo Téllez Girón,1456-01-01T00:00:00Z,Moral de Calatrava,noble castellano (1456-1482)
http://www.wikidata.org/entity/Q9098282,masculino,Ángel Dotor,1898-01-01T00:00:00Z,Argamasilla de Alba,escritor e historiador del arte español (1898-1986)
http://www.wikidata.org/entity/Q16298165,masculino,Francisco Caro Sierra,1947-01-01T00:00:00Z,Piedrabuena,escritor español
http://www.wikidata.org/entity/Q16301576,masculino,Basilio Montes,1955-04-20T00:00:00Z,Herencia,compositor español
http://www.wikidata.org/entity/Q101130612,femenino,María Francisca Díaz-Carralero Rodelgo,1818-10-10T00:00:00Z,Manzanares,poeta improvisadora española del siglo XIX
"http://www.wikidata.org/entity/Q107507246,masculino,Carlos Rodríguez Fontanes,1879-01-01T00:00:00Z,Manzanares,""Comandante Fontanes, el primer jefe caído de la Legión"""
http://www.wikidata.org/entity/Q108112656,masculino,Iván Romero de Ávila Araque,2001-04-10T00:00:00Z,La Solana,futbolista español
http://www.wikidata.org/entity/Q108301900,masculino,Carlos Fuentes Gómez,1960-01-01T00:00:00Z,Santa Cruz de Mudela,Periodista
http://www.wikidata.org/entity/Q18637528,masculino,Juan Ramón Gómez-Pimpollo López,1995-01-18T00:00:00Z,La Solana,futbolista español
http://www.wikidata.org/entity/Q18704455,masculino,Eugenio Suárez Gómez,1919-05-10T00:00:00Z,Daimiel,escritor y periodista español
http://www.wikidata.org/entity/Q18810710,masculino,Fernando del Rey Reguillo,1960-01-01T00:00:00Z,La Solana,historiador español
http://www.wikidata.org/entity/Q20013845,masculino,Vicente Carranza,1928-11-14T00:00:00Z,Daimiel,ceramófilo español
http://www.wikidata.org/entity/Q23816064,masculino,Juan Alonso y de los Ruices de Fontecha,1560-01-01T00:00:00Z,Daimiel,médico español (1560-1620)
http://www.wikidata.org/entity/Q25422990,masculino,Luis Sánchez Cuervo,1871-06-21T00:00:00Z,Carrión de Calatrava,político español
http://www.wikidata.org/entity/Q25422990,masculino,Luis Sánchez Cuervo,1876-06-21T00:00:00Z,Carrión de Calatrava,político español
http://www.wikidata.org/entity/Q85867190,masculino,Daniel de Campos,1952-08-28T00:00:00Z,Viso del Marqués,pintor español
http://www.wikidata.org/entity/Q86930487,masculino,Francisco Vallbona Loro,1926-06-16T00:00:00Z,Daimiel,político español
http://www.wikidata.org/entity/Q97323464,femenino,Esther Martín-Pozuelo Aranda,1998-10-08T00:00:00Z,Daimiel,futbolista española
http://www.wikidata.org/entity/Q99858447,masculino,José Miguel Durán,1743-01-01T00:00:00Z,Moral de Calatrava,1743 - 1820
http://www.wikidata.org/entity/Q106498429,masculino,Justiniano Bravo Fernández,1890-01-01T00:00:00Z,Alamillo,político y periodista español
http://www.wikidata.org/entity/Q106601469,masculino,Cristóbal Sánchez de Madrid,1503-01-01T00:00:00Z,Daimiel,escritor jesuita español
"http://www.wikidata.org/entity/Q109899795,masculino,Jaime Martínez Montero,1949-01-15T00:00:00Z,Argamasilla de Alba,""maestro, Inspector de Educación, profesor universitario y creador de método matemático ABN"""
http://www.wikidata.org/entity/Q111836543,masculino,Cristóbal de Aguilera,,Argamasilla de Alba,maestro de obras y maestro fontanero español
http://www.wikidata.org/entity/Q112162074,femenino,Elvira Fernández-Almoguera,1907-08-20T00:00:00Z,Herencia,Primera mujer fiscal en España
http://www.wikidata.org/entity/Q114496837,masculino,José Gómez Castillo,1946-12-02T00:00:00Z,Agudo,víctima del terrorismo de ETA
http://www.wikidata.org/entity/Q121068389,femenino,Lola Fisac,1909-12-15T00:00:00Z,Daimiel,una de las primeras mujeres del Opus Dei
http://www.wikidata.org/entity/Q122730850,masculino,Manuel Cruz,1935-03-21T00:00:00Z,Fuente el Fresno,ciclista español
http://www.wikidata.org/entity/Q55946391,masculino,Ángel González de la Aleja,1932-01-01T00:00:00Z,Daimiel,1932-
http://www.wikidata.org/entity/Q56401922,masculino,Juan Restituto Antolínez de Castro y Aguilera,1686-06-01T00:00:00Z,La Solana,militar español
http://www.wikidata.org/entity/Q57315093,femenino,Herminia Parra Morales,1997-07-10T00:00:00Z,La Solana,atleta española
http://www.wikidata.org/entity/Q59191850,masculino,Fran Manzanara,1996-09-12T00:00:00Z,La Solana,futbolista español
http://www.wikidata.org/entity/Q61874853,masculino,Fran López Castillo,1991-08-10T00:00:00Z,La Solana,Escritor español
http://www.wikidata.org/entity/Q63683379,femenino,Dolores de Lara,1952-04-04T00:00:00Z,La Solana,fotoperiodista española
"http://www.wikidata.org/entity/Q64751303,masculino,Diego Serrano de Sotomayor,1582-01-01T00:00:00Z,Chillón,""Mercedario, obispo de Solsona, Segorbe y Guadix-Baza"""
http://www.wikidata.org/entity/Q16853442,masculino,Francisco de Manzanares y Dardos,1570-01-01T00:00:00Z,Membrilla,político español
http://www.wikidata.org/entity/Q16853442,masculino,Francisco de Manzanares y Dardos,1575-01-01T00:00:00Z,Membrilla,político español
http://www.wikidata.org/entity/Q17031712,masculino,Javier Parra Molina,1977-01-01T00:00:00Z,Ruidera,político español
http://www.wikidata.org/entity/Q101244857,mujer transgénero,Carmen García de Merlo,1962-01-01T00:00:00Z,Valdepeñas,abogada y enfermera española transexual
http://www.wikidata.org/entity/Q105658328,masculino,Ángel Rafael de Hore,1757-03-26T00:00:00Z,Calzada de Calatrava,marino español (1757–1811)
"http://www.wikidata.org/entity/Q106256487,masculino,Juan Vacas,1784-01-01T00:00:00Z,Valdepeñas,""Valdepeñas (Ciudad Real), 1784 - Puerto Lápice (Ciudad Real), m. s. XIX. Militar en la guerra de la Independencia"""
http://www.wikidata.org/entity/Q107089402,masculino,Federico Relimpio y Ortega,1862-10-23T00:00:00Z,Almagro,catedrático y químico español
http://www.wikidata.org/entity/Q6036303,masculino,Mónico Sánchez Moreno,1880-05-04T00:00:00Z,Piedrabuena,Inventor español del siglo XX
http://www.wikidata.org/entity/Q6042156,masculino,Nicolás Clavero,1950-03-22T00:00:00Z,Navalpino,político español
http://www.wikidata.org/entity/Q6042672,masculino,Nicolás del Hierro,1934-01-01T00:00:00Z,Piedrabuena,poeta español
http://www.wikidata.org/entity/Q6069508,masculino,Pedro Menchén,1952-05-17T00:00:00Z,Argamasilla de Alba,escritor español
http://www.wikidata.org/entity/Q20127357,masculino,Paco Alcalde,1951-11-04T00:00:00Z,Alamillo,torero de España
http://www.wikidata.org/entity/Q21546270,masculino,Agustín Úbeda,1925-12-01T00:00:00Z,Herencia,pintor español (1925-2007)
http://www.wikidata.org/entity/Q21573835,masculino,Vicente Sabariegos Sánchez,1810-04-19T00:00:00Z,Piedrabuena,militar español
http://www.wikidata.org/entity/Q21886163,masculino,Juan Camacho del Fresno,1995-07-24T00:00:00Z,Moral de Calatrava,ciclista español
"http://www.wikidata.org/entity/Q24042296,femenino,María de los Santos García Felguera,1953-11-15T00:00:00Z,Villamanrique,""historiadora del arte, comisaria de exposiciones y profesora universitaria española (n. 1953)"""
http://www.wikidata.org/entity/Q24736632,masculino,Juan José García-Moreno,1906-03-10T00:00:00Z,Fuencaliente,político español
http://www.wikidata.org/entity/Q27958693,masculino,Juan de Céspedes Ruiz,1501-01-01T00:00:00Z,Argamasilla de Calatrava,Conquistador español
http://www.wikidata.org/entity/Q36696762,masculino,Isaac Canton,1996-06-13T00:00:00Z,Argamasilla de Alba,ciclista español
"http://www.wikidata.org/entity/Q54449655,femenino,María Carmen López Ruiz,1961-12-15T00:00:00Z,Argamasilla de Calatrava,""política, personal sanitario y sindicalista española"""
http://www.wikidata.org/entity/Q65770189,masculino,Antonio S. Sánchez-Gil,1962-07-21T00:00:00Z,Manzanares,profesor universitario español
http://www.wikidata.org/entity/Q66362700,femenino,Blasa Jiménez Chaparro,1889-03-04T00:00:00Z,Alhambra,Alcaldesa rural republicana española
http://www.wikidata.org/entity/Q86929412,masculino,Fernando de Juan y Díaz de Lope Díaz,1927-02-11T00:00:00Z,Manzanares,político español
http://www.wikidata.org/entity/Q92304625,femenino,Paula Sevilla,1997-06-28T00:00:00Z,La Solana,velocista española
http://www.wikidata.org/entity/Q94645652,masculino,José Ruiz Baos,1946-11-05T00:00:00Z,Bolaños de Calatrava,torero español
http://www.wikidata.org/entity/Q97758381,femenino,Elena de Toro Aldaria,1997-01-31T00:00:00Z,Bolaños de Calatrava,futbolista española
http://www.wikidata.org/entity/Q98872225,masculino,Francisco José García Torres,1999-08-14T00:00:00Z,Bolaños de Calatrava,Futbolista español.
http://www.wikidata.org/entity/Q61606738,masculino,Francisco Gil Ortega,1950-04-25T00:00:00Z,Arenas de San Juan,político español
http://www.wikidata.org/entity/Q68993667,femenino,Mercedes Legrand,1893-01-01T00:00:00Z,Almodóvar del Campo,pintora belga
http://www.wikidata.org/entity/Q74399142,masculino,José Joaquín Flores,1850-01-01T00:00:00Z,Daimiel,pintor español del siglo XIX
http://www.wikidata.org/entity/Q84729520,masculino,Luis Álvarez Molina,1916-05-14T00:00:00Z,Herencia,político español
http://www.wikidata.org/entity/Q84730296,masculino,Joaquin Campos Pareja,1914-05-07T00:00:00Z,Daimiel,político español
http://www.wikidata.org/entity/Q17413239,masculino,Evaristo Martín Freire,1904-06-29T00:00:00Z,Piedrabuena,farmacéutico español
http://www.wikidata.org/entity/Q17631650,masculino,Tomás Aránguez,1942-01-01T00:00:00Z,Brazatortas,empresario español
http://www.wikidata.org/entity/Q18812414,masculino,Antonio Manuel Sarmiento García,1979-01-27T00:00:00Z,Villarrubia de los Ojos,futbolista español
http://www.wikidata.org/entity/Q18812414,masculino,Antonio Manuel Sarmiento García,1979-07-27T00:00:00Z,Villarrubia de los Ojos,futbolista español
http://www.wikidata.org/entity/Q20005385,masculino,Manuel Adriano Arabid Cantos,1908-09-08T00:00:00Z,Herencia,político español
